x0,y0,z0,x1,y1,z1,x2,y2,z2,x3,y3,z3,x4,y4,z4,x5,y5,z5,x6,y6,z6,x7,y7,z7,x8,y8,z8,x9,y9,z9,x10,y10,z10,x11,y11,z11,x12,y12,z12,x13,y13,z13,x14,y14,z14,x15,y15,z15,x16,y16,z16,x17,y17,z17,x18,y18,z18,x19,y19,z19,x20,y20,z20,label
0.6718958616256714,0.6023271083831787,2.587020162536646e-07,0.637147843837738,0.6106045842170715,-0.016687968745827675,0.6011644601821899,0.592668890953064,-0.024590948596596718,0.5716802477836609,0.5752846002578735,-0.031038178130984306,0.5457306504249573,0.5648428797721863,-0.03706909343600273,0.5938066840171814,0.49587196111679077,-0.011014271527528763,0.566015362739563,0.45164671540260315,-0.020832601934671402,0.5495678186416626,0.4231438636779785,-0.029567474499344826,0.536426305770874,0.3946687579154968,-0.03639985993504524,0.6111957430839539,0.4650481045246124,-0.011544651351869106,0.589993953704834,0.403020977973938,-0.019421983510255814,0.5760356187820435,0.3622693419456482,-0.027794282883405685,0.5638270974159241,0.325863242149353,-0.034395020455121994,0.6321954727172852,0.4520793557167053,-0.014576449058949947,0.6201046109199524,0.38943547010421753,-0.025011561810970306,0.6117535829544067,0.34831690788269043,-0.03316691145300865,0.6027148962020874,0.312150776386261,-0.03895334526896477,0.6549603939056396,0.45253023505210876,-0.019085008651018143,0.6553257703781128,0.3997369706630707,-0.029439786449074745,0.6559972763061523,0.36395806074142456,-0.03423619642853737,0.6551848649978638,0.33083629608154297,-0.03734418749809265,0
0.672592043876648,0.6032763719558716,2.5511172907499713e-07,0.6379517912864685,0.6110255122184753,-0.016337819397449493,0.6019077301025391,0.592856764793396,-0.02398700825870037,0.5723659992218018,0.5756394267082214,-0.030272964388132095,0.5464709997177124,0.5652222633361816,-0.0361468680202961,0.5945987105369568,0.49642518162727356,-0.010359278880059719,0.5666871070861816,0.45248016715049744,-0.02002415619790554,0.5502231121063232,0.4239267408847809,-0.028656166046857834,0.5371576547622681,0.39545542001724243,-0.035418566316366196,0.6117094159126282,0.46578824520111084,-0.011012311093509197,0.5903094410896301,0.40418440103530884,-0.01885109767317772,0.5760754346847534,0.3635932207107544,-0.027222877368330956,0.5636574029922485,0.3274298310279846,-0.03380165994167328,0.6325108408927917,0.45286867022514343,-0.014169926755130291,0.6203958988189697,0.39025962352752686,-0.024642208591103554,0.6118015646934509,0.3490890860557556,-0.03291643038392067,0.6025397181510925,0.3128952085971832,-0.03876976668834686,0.6552256941795349,0.45326724648475647,-0.018771249800920486,0.6558974981307983,0.40044134855270386,-0.0291889775544405,0.656587541103363,0.3645113408565521,-0.034118711948394775,0.6557055115699768,0.33128559589385986,-0.03731803968548775,0
0.6719065308570862,0.6015164256095886,2.579311342287838e-07,0.63774573802948,0.6108051538467407,-0.01715349592268467,0.6017306447029114,0.5930420160293579,-0.025113055482506752,0.5721629858016968,0.5752953290939331,-0.03149329125881195,0.5460954308509827,0.564969003200531,-0.03744538500905037,0.5941972136497498,0.496159166097641,-0.011418853886425495,0.566718339920044,0.45263755321502686,-0.02119380794465542,0.5505281686782837,0.4242338240146637,-0.02984607219696045,0.5375610589981079,0.3956786096096039,-0.036687180399894714,0.611383855342865,0.4650513827800751,-0.01176784373819828,0.5903958082199097,0.4035652279853821,-0.01969253458082676,0.5763100981712341,0.36327147483825684,-0.028086235746741295,0.5638594627380371,0.3270183503627777,-0.03475001081824303,0.632182776927948,0.45221906900405884,-0.014653404243290424,0.6204115152359009,0.38982558250427246,-0.025357086211442947,0.611809253692627,0.3492344617843628,-0.033767446875572205,0.6022924780845642,0.3130347728729248,-0.039756182581186295,0.6548227071762085,0.45291972160339355,-0.019029362127184868,0.6556828618049622,0.4005097448825836,-0.029826587066054344,0.6562587022781372,0.3648426830768585,-0.03501545265316963,0.6550266742706299,0.33129316568374634,-0.03842298313975334,0
0.6713583469390869,0.6015136241912842,2.5705480766191613e-07,0.637125551700592,0.6109482645988464,-0.01685827225446701,0.6011011004447937,0.5923728942871094,-0.02459537982940674,0.571670651435852,0.574725866317749,-0.03081449866294861,0.5456736087799072,0.565076470375061,-0.03664153441786766,0.5937823057174683,0.4957869052886963,-0.011108839884400368,0.5663384199142456,0.4521503150463104,-0.0207817479968071,0.5499813556671143,0.4238155484199524,-0.029388556256890297,0.5367869734764099,0.3954680263996124,-0.03618864715099335,0.6108803153038025,0.46487075090408325,-0.01153857447206974,0.5898704528808594,0.40318745374679565,-0.01932772807776928,0.5757367610931396,0.362873911857605,-0.027589906007051468,0.5632413029670715,0.3268382251262665,-0.034131038933992386,0.6316026449203491,0.45200610160827637,-0.014476507902145386,0.619710385799408,0.38969457149505615,-0.02493065968155861,0.6110735535621643,0.34920263290405273,-0.03307628259062767,0.6015803813934326,0.31334394216537476,-0.0388779416680336,0.6541241407394409,0.45256999135017395,-0.018909072503447533,0.6547307372093201,0.40005239844322205,-0.02933366596698761,0.655216634273529,0.36452406644821167,-0.03420001268386841,0.6539710164070129,0.33140259981155396,-0.03740067407488823,0
0.6703468561172485,0.601321280002594,2.576550173216674e-07,0.6362270712852478,0.6107487082481384,-0.017200514674186707,0.6004699468612671,0.5931220054626465,-0.025351542979478836,0.571151852607727,0.5758965611457825,-0.03193897381424904,0.5450844764709473,0.5652042627334595,-0.03811554238200188,0.5927854776382446,0.49667519330978394,-0.011947073973715305,0.5654774904251099,0.45281553268432617,-0.02196015976369381,0.5490961670875549,0.42441457509994507,-0.03072865679860115,0.5358519554138184,0.3959501385688782,-0.03765570744872093,0.6100876927375793,0.4657740592956543,-0.012384443543851376,0.5890026688575745,0.4046534299850464,-0.02069530263543129,0.5747044682502747,0.36433279514312744,-0.029326830059289932,0.561992883682251,0.3277820348739624,-0.036129601299762726,0.6310369968414307,0.45286622643470764,-0.015309997834265232,0.6190875172615051,0.3907198905944824,-0.026351600885391235,0.6104393601417542,0.35001760721206665,-0.034750036895275116,0.6008553504943848,0.31353551149368286,-0.04067105054855347,0.6538034081459045,0.4533720314502716,-0.019707558676600456,0.6543073058128357,0.40074223279953003,-0.030744338408112526,0.654880702495575,0.3649604916572571,-0.03586999326944351,0.6536214351654053,0.3314364552497864,-0.03918690234422684,0
0.6707051396369934,0.6027428507804871,2.588892584753921e-07,0.6364424824714661,0.6119531989097595,-0.016963057219982147,0.6005982160568237,0.5940200686454773,-0.025071408599615097,0.5711156725883484,0.5766738057136536,-0.0316774807870388,0.5449294447898865,0.5662766098976135,-0.03788274899125099,0.5929485559463501,0.4974454641342163,-0.011613110080361366,0.5652481317520142,0.4531238377094269,-0.021560419350862503,0.548836350440979,0.4246462881565094,-0.030315430834889412,0.535617470741272,0.39628440141677856,-0.037203408777713776,0.6102950572967529,0.4666423201560974,-0.012180049903690815,0.588957667350769,0.40523409843444824,-0.020360669121146202,0.5747246742248535,0.364767849445343,-0.028954198583960533,0.5621276497840881,0.3283904194831848,-0.03572520241141319,0.6311790347099304,0.45354747772216797,-0.015236049890518188,0.6190911531448364,0.3913002014160156,-0.02605525031685829,0.6103788614273071,0.3503955602645874,-0.03442683815956116,0.6007826924324036,0.31399089097976685,-0.040367353707551956,0.6538233160972595,0.45375877618789673,-0.01976293884217739,0.6541866660118103,0.40095797181129456,-0.030536703765392303,0.6546727418899536,0.3651953339576721,-0.03556128963828087,0.6533846259117126,0.33197009563446045,-0.038838308304548264,0
0.6708598136901855,0.6018957495689392,2.592007888324588e-07,0.6366862654685974,0.6115070581436157,-0.017299236729741096,0.6009492874145508,0.5942187309265137,-0.025594178587198257,0.5714595317840576,0.577255129814148,-0.03230130672454834,0.545222818851471,0.566801905632019,-0.03859759867191315,0.5928309559822083,0.49773627519607544,-0.012148335576057434,0.5653037428855896,0.45395052433013916,-0.022179661318659782,0.5490118265151978,0.4257710874080658,-0.03095310926437378,0.53575599193573,0.39747950434684753,-0.037860527634620667,0.6101402640342712,0.46673524379730225,-0.012519294396042824,0.5889331102371216,0.40590882301330566,-0.020837288349866867,0.5746551752090454,0.3657732605934143,-0.02950843796133995,0.5619392991065979,0.3293460011482239,-0.036357928067445755,0.6310341954231262,0.45379403233528137,-0.01536763459444046,0.6190922856330872,0.39223095774650574,-0.02631317265331745,0.61029052734375,0.3513936400413513,-0.03479042276740074,0.6005918383598328,0.3148379325866699,-0.040813419967889786,0.6536732912063599,0.4543117582798004,-0.01969357393682003,0.6540853977203369,0.40170007944107056,-0.0305937472730875,0.6545440554618835,0.3658653199672699,-0.03572674095630646,0.6532340049743652,0.33232831954956055,-0.03908432275056839,0
0.6708409190177917,0.6023542284965515,2.606785187708738e-07,0.6364237666130066,0.6117514371871948,-0.01723666489124298,0.6008619666099548,0.5942522287368774,-0.025416987016797066,0.571564257144928,0.5771058201789856,-0.03203171491622925,0.5455001592636108,0.5665479302406311,-0.038226306438446045,0.5930765271186829,0.4982687532901764,-0.011810943484306335,0.5656343102455139,0.4543623924255371,-0.02173531800508499,0.5493406057357788,0.4260571300983429,-0.030473953112959862,0.536136269569397,0.39758217334747314,-0.03737169876694679,0.6102606058120728,0.4672073423862457,-0.012193134985864162,0.588966965675354,0.40614351630210876,-0.020363938063383102,0.5746755003929138,0.36584219336509705,-0.028951948508620262,0.5619917511940002,0.3293156623840332,-0.0357586070895195,0.6310328245162964,0.4541519284248352,-0.015073427930474281,0.6191332936286926,0.3920653462409973,-0.02586057037115097,0.6104174256324768,0.35122331976890564,-0.034199509769678116,0.6007643938064575,0.31470561027526855,-0.04014889895915985,0.6536244750022888,0.4544028341770172,-0.01944727823138237,0.6540194153785706,0.4016683101654053,-0.03017275780439377,0.6543785929679871,0.3657943606376648,-0.03517156094312668,0.6529715061187744,0.3322303295135498,-0.03846856951713562,0
0.670333981513977,0.6026356220245361,2.5937902137229685e-07,0.6359457969665527,0.6121309995651245,-0.016889194026589394,0.600151777267456,0.5947484970092773,-0.024905232712626457,0.5711084604263306,0.577813982963562,-0.03140830248594284,0.5452424883842468,0.5680816173553467,-0.03757478669285774,0.5926837921142578,0.4990013837814331,-0.011949295178055763,0.5653184652328491,0.4552497863769531,-0.02191811427474022,0.5490469932556152,0.4269370436668396,-0.03063052147626877,0.5357810854911804,0.39864546060562134,-0.03747892752289772,0.6100428700447083,0.46786850690841675,-0.012525226920843124,0.5887520909309387,0.4067775011062622,-0.020782195031642914,0.5743918418884277,0.36642053723335266,-0.029412923380732536,0.5615948438644409,0.3298717141151428,-0.03621382638812065,0.6309633255004883,0.4548203647136688,-0.015531681478023529,0.6190723180770874,0.3933643102645874,-0.026449862867593765,0.6102156043052673,0.3522326350212097,-0.03492854908108711,0.6004653573036194,0.3155137002468109,-0.04092054069042206,0.6536262035369873,0.45516616106033325,-0.019972849637269974,0.6538443565368652,0.40260010957717896,-0.030790740624070168,0.6542099714279175,0.36686521768569946,-0.03578948974609375,0.6527652740478516,0.3336246609687805,-0.03905143961310387,0
0.670512318611145,0.6037335395812988,2.5712267870403593e-07,0.6361730694770813,0.6128932237625122,-0.016700658947229385,0.6005347371101379,0.5958001017570496,-0.024705450981855392,0.5713731646537781,0.5787492394447327,-0.03123939037322998,0.5456048846244812,0.5684070587158203,-0.03741108626127243,0.5926579833030701,0.4995434880256653,-0.011586429551243782,0.5651713013648987,0.4555851221084595,-0.02150341495871544,0.5488784313201904,0.4272952973842621,-0.030219830572605133,0.535670280456543,0.39891839027404785,-0.037081651389598846,0.6099894046783447,0.468487024307251,-0.012283531948924065,0.5885394811630249,0.4071151614189148,-0.020475318655371666,0.5741660594940186,0.3669217824935913,-0.029115328565239906,0.5613086223602295,0.33062291145324707,-0.035939909517765045,0.6308580040931702,0.4554190933704376,-0.015419526025652885,0.6189467906951904,0.3932352364063263,-0.026250265538692474,0.6101573705673218,0.3520829975605011,-0.03468343988060951,0.6004837155342102,0.3155462145805359,-0.04066379368305206,0.6534736156463623,0.455784410238266,-0.019985992461442947,0.6536248922348022,0.4027015268802643,-0.030690614134073257,0.6539533138275146,0.36680781841278076,-0.0356338694691658,0.6525329351425171,0.33354198932647705,-0.03886924311518669,0
0.6702183485031128,0.603374183177948,2.589006555808737e-07,0.6360121965408325,0.6125951409339905,-0.017108678817749023,0.6004713773727417,0.5955411195755005,-0.02532253786921501,0.5713992118835449,0.5789807438850403,-0.03199450299143791,0.545495331287384,0.5684638619422913,-0.03829750418663025,0.5928447246551514,0.49933502078056335,-0.012176888063549995,0.5652548670768738,0.4556422829627991,-0.02231011539697647,0.5488457083702087,0.42739057540893555,-0.031096860766410828,0.5356689095497131,0.39913541078567505,-0.037958331406116486,0.6101523041725159,0.4681990444660187,-0.012653565034270287,0.5888372659683228,0.4067577123641968,-0.021011970937252045,0.5744636654853821,0.3664712905883789,-0.029652291908860207,0.5617676973342896,0.3300909399986267,-0.036444228142499924,0.630961537361145,0.45507028698921204,-0.015599074773490429,0.6192494630813599,0.39276373386383057,-0.02655743435025215,0.6105638742446899,0.3515474796295166,-0.035011451691389084,0.6010463833808899,0.31490564346313477,-0.040986645966768265,0.653510332107544,0.4554591476917267,-0.02000582590699196,0.6540787816047668,0.40274590253829956,-0.03082820028066635,0.6544809341430664,0.3669114112854004,-0.03587130829691887,0.653107225894928,0.33362507820129395,-0.039161812514066696,0
0.6706375479698181,0.6036850810050964,2.6116009621546254e-07,0.6361465454101562,0.6136907339096069,-0.017266809940338135,0.600468099117279,0.597299337387085,-0.025516711175441742,0.5714127421379089,0.5803760290145874,-0.032179053872823715,0.5458410978317261,0.5690345764160156,-0.03842463716864586,0.5926198959350586,0.5001537203788757,-0.01215618196874857,0.5650416612625122,0.45622652769088745,-0.022315924987196922,0.548755943775177,0.4278542697429657,-0.031206835061311722,0.5356214046478271,0.3992888927459717,-0.0381624810397625,0.6098983883857727,0.4688652455806732,-0.012567533180117607,0.5886308550834656,0.407462477684021,-0.02093677595257759,0.5743879675865173,0.36707720160484314,-0.02964075095951557,0.5617678761482239,0.33048027753829956,-0.036495041102170944,0.6306870579719543,0.4557206928730011,-0.015468905679881573,0.6189131140708923,0.3937150537967682,-0.026377622038125992,0.6102557182312012,0.3525380492210388,-0.03478638455271721,0.6008180379867554,0.3159264922142029,-0.0407414585351944,0.6533100008964539,0.4560641050338745,-0.01986374333500862,0.6534605026245117,0.4033801853656769,-0.030633118003606796,0.6536529064178467,0.36759239435195923,-0.035607822239398956,0.6521487236022949,0.334270179271698,-0.03885537013411522,0
0.6707366108894348,0.6035675406455994,2.602587017008773e-07,0.6363615989685059,0.6134709119796753,-0.01726776920258999,0.6005419492721558,0.5968051552772522,-0.025442954152822495,0.5713739991188049,0.5798324942588806,-0.03200233355164528,0.5453869700431824,0.5697161555290222,-0.03817849978804588,0.5925261974334717,0.5001841187477112,-0.012180601246654987,0.5649735331535339,0.4566875100135803,-0.022181443870067596,0.5486237406730652,0.4286003112792969,-0.030975839123129845,0.5352959632873535,0.4005437195301056,-0.03788875415921211,0.6095958948135376,0.4688853919506073,-0.012552403844892979,0.5883610844612122,0.40765008330345154,-0.020847003906965256,0.5741104483604431,0.3673957586288452,-0.029521264135837555,0.5614568591117859,0.33095675706863403,-0.03636348247528076,0.63031005859375,0.4557327628135681,-0.015389670617878437,0.6184235215187073,0.3938489556312561,-0.02633746713399887,0.6098120808601379,0.3526279330253601,-0.03483756631612778,0.6003944873809814,0.31592315435409546,-0.04086064547300339,0.6528952121734619,0.4560653865337372,-0.019703930243849754,0.6530231237411499,0.4032641649246216,-0.030598921701312065,0.653440535068512,0.3674144744873047,-0.03566915914416313,0.6522077322006226,0.33411216735839844,-0.038971927016973495,0
0.6703165173530579,0.6042724847793579,2.593396288830263e-07,0.6358959674835205,0.6141170859336853,-0.01708533987402916,0.600199282169342,0.5968894362449646,-0.025198154151439667,0.5711471438407898,0.5798648595809937,-0.03172724321484566,0.5452829599380493,0.5703175067901611,-0.037903185933828354,0.5923633575439453,0.5007323026657104,-0.012067332863807678,0.5648804903030396,0.4566892683506012,-0.02201412059366703,0.548636794090271,0.42839401960372925,-0.030733250081539154,0.5354434847831726,0.3999946713447571,-0.037590108811855316,0.6096998453140259,0.4692629277706146,-0.012522988021373749,0.5883637070655823,0.4079562723636627,-0.02072281390428543,0.5741592049598694,0.36767053604125977,-0.029321271926164627,0.5615857243537903,0.33104002475738525,-0.03611879423260689,0.6304998993873596,0.45590144395828247,-0.01542529184371233,0.6186582446098328,0.39397573471069336,-0.0262287650257349,0.6100500822067261,0.3526856303215027,-0.03460638225078583,0.6006566882133484,0.31584233045578003,-0.04057551547884941,0.6529989838600159,0.4559671878814697,-0.01979551836848259,0.6531447768211365,0.4034173786640167,-0.03046869859099388,0.653451681137085,0.36773109436035156,-0.03537922725081444,0.6520320773124695,0.33444052934646606,-0.03861641511321068,0
0.6701134443283081,0.6046488285064697,2.5650686552580737e-07,0.6356250643730164,0.6144749522209167,-0.016649695113301277,0.5997597575187683,0.5974631309509277,-0.024528181180357933,0.5707190036773682,0.5804601311683655,-0.030924750491976738,0.5450133681297302,0.5713096857070923,-0.037004441022872925,0.5922275185585022,0.5012313723564148,-0.01151532493531704,0.5647513270378113,0.4573791027069092,-0.02122502587735653,0.5484127402305603,0.42914748191833496,-0.02983906678855419,0.5350962281227112,0.4008053243160248,-0.03670251742005348,0.6094985604286194,0.4697713851928711,-0.012184008955955505,0.5880287289619446,0.4085286855697632,-0.020179832354187965,0.5737514495849609,0.3683280944824219,-0.028701651841402054,0.5610226988792419,0.33192765712738037,-0.03551952913403511,0.6302680373191833,0.4563955068588257,-0.015285352244973183,0.6182435750961304,0.39431437849998474,-0.025948550552129745,0.6096097826957703,0.353352427482605,-0.034304872155189514,0.6000875234603882,0.3169129490852356,-0.04032574221491814,0.6527312397956848,0.45637229084968567,-0.0198289193212986,0.6528221368789673,0.4037134051322937,-0.030435830354690552,0.6530293822288513,0.3681242763996124,-0.03536225110292435,0.6514881253242493,0.3348986506462097,-0.03867333009839058,0
0.6703033447265625,0.6058022975921631,2.593260433059186e-07,0.6358222365379333,0.6153495907783508,-0.01684068888425827,0.5999459624290466,0.5988447666168213,-0.02488056756556034,0.5708122253417969,0.5824148654937744,-0.03139472380280495,0.5452252626419067,0.5725336670875549,-0.03754684701561928,0.5921844244003296,0.5021264553070068,-0.01181043591350317,0.5645955204963684,0.45830392837524414,-0.021706698462367058,0.5481787323951721,0.43002715706825256,-0.030391482636332512,0.5348841547966003,0.4019305109977722,-0.03721882775425911,0.6094508171081543,0.4709266722202301,-0.012427043169736862,0.5880821347236633,0.409406840801239,-0.020642675459384918,0.5737021565437317,0.3689958453178406,-0.029191331937909126,0.5610017776489258,0.3326683044433594,-0.0359216146171093,0.6302263736724854,0.45775502920150757,-0.015496823936700821,0.6183615326881409,0.3953811824321747,-0.026360025629401207,0.6096053719520569,0.3537990152835846,-0.03477446362376213,0.6001163125038147,0.3169935345649719,-0.040728598833084106,0.652772843837738,0.4580668807029724,-0.02001238614320755,0.6529942750930786,0.40514564514160156,-0.030754519626498222,0.6531667113304138,0.3692801296710968,-0.0357026644051075,0.6516263484954834,0.3360534906387329,-0.03893851116299629,0
0.6705250144004822,0.6077374219894409,2.609132820907689e-07,0.6361190676689148,0.6165813207626343,-0.016714369878172874,0.600429356098175,0.59953773021698,-0.024801019579172134,0.5712433457374573,0.5832152962684631,-0.031424302607774734,0.5455427169799805,0.5742657780647278,-0.03769221901893616,0.5922336578369141,0.5030319094657898,-0.01154519896954298,0.5645729899406433,0.4590584635734558,-0.021405227482318878,0.5481349229812622,0.4309462606906891,-0.03012060932815075,0.5348808765411377,0.40302222967147827,-0.0369698703289032,0.6095864772796631,0.47196531295776367,-0.012199842371046543,0.5880840420722961,0.41066718101501465,-0.020447075366973877,0.5736546516418457,0.3703260123729706,-0.02916119061410427,0.560942530632019,0.3340357542037964,-0.03601823002099991,0.630438506603241,0.45874518156051636,-0.01528784167021513,0.6183614134788513,0.39648568630218506,-0.02618270553648472,0.6096553206443787,0.3549180328845978,-0.034737810492515564,0.6003119945526123,0.3182482421398163,-0.04078111797571182,0.6530066132545471,0.4589104950428009,-0.019797930493950844,0.6531090140342712,0.40568238496780396,-0.03057815320789814,0.6533892750740051,0.369594931602478,-0.0356108695268631,0.6520708203315735,0.33632397651672363,-0.03888964280486107,0
0.670351505279541,0.6058655977249146,2.6229270133626414e-07,0.6357267498970032,0.6157798767089844,-0.01679883524775505,0.6004880666732788,0.5998610854148865,-0.024933412671089172,0.5717439651489258,0.5834237337112427,-0.03153782710433006,0.546250581741333,0.5737400054931641,-0.03779932111501694,0.5923106074333191,0.5032382607460022,-0.012056219391524792,0.5647525191307068,0.4591350555419922,-0.02189386822283268,0.5483928918838501,0.4310181438922882,-0.030524499714374542,0.5351558923721313,0.40298494696617126,-0.037300955504179,0.6097518801689148,0.4718170166015625,-0.012608920224010944,0.5881737470626831,0.4103211760520935,-0.020730197429656982,0.573798656463623,0.37001606822013855,-0.029320308938622475,0.561129629611969,0.33363547921180725,-0.036129407584667206,0.6306556463241577,0.45844700932502747,-0.015552181750535965,0.6187027096748352,0.39622947573661804,-0.026228811591863632,0.6100112199783325,0.35472965240478516,-0.03463581204414368,0.6006448864936829,0.31797564029693604,-0.040638647973537445,0.6532011032104492,0.45839399099349976,-0.01992115192115307,0.6532080173492432,0.40540969371795654,-0.030445028096437454,0.6532806754112244,0.36954808235168457,-0.035301122814416885,0.6517893075942993,0.3362691402435303,-0.0385027639567852,0
0.6702665686607361,0.6066147685050964,2.6204898517789843e-07,0.6360214948654175,0.6161259412765503,-0.016972554847598076,0.6006900072097778,0.6000562310218811,-0.02518991380929947,0.5717336535453796,0.5837376713752747,-0.031871113926172256,0.5461048483848572,0.5735248923301697,-0.03816439211368561,0.5920973420143127,0.5026726126670837,-0.01188673172146082,0.5643559694290161,0.45894062519073486,-0.021818283945322037,0.5478897094726562,0.43095487356185913,-0.030569298192858696,0.5346451997756958,0.4031403958797455,-0.037402864545583725,0.6094889640808105,0.47129926085472107,-0.012411391362547874,0.5879008769989014,0.4097014367580414,-0.02056000381708145,0.5734211802482605,0.3694179654121399,-0.02914794534444809,0.5606910586357117,0.333395779132843,-0.03591563552618027,0.6303353309631348,0.4579222500324249,-0.015399630181491375,0.6183018684387207,0.395366907119751,-0.0260991919785738,0.6094590425491333,0.35401731729507446,-0.03449937328696251,0.599943995475769,0.3177323341369629,-0.04046528413891792,0.6529173851013184,0.4580026865005493,-0.019851023331284523,0.6529392004013062,0.40484100580215454,-0.030406130477786064,0.6528869271278381,0.3689591884613037,-0.035309504717588425,0.6511996388435364,0.3358267843723297,-0.03851358965039253,0
0.670064389705658,0.6073756814002991,2.638526552800613e-07,0.635824978351593,0.6167029142379761,-0.017273327335715294,0.6004401445388794,0.6001270413398743,-0.025609808042645454,0.5712522268295288,0.5839730501174927,-0.0323672890663147,0.5452746748924255,0.5746477842330933,-0.03876160457730293,0.5920652151107788,0.5041723847389221,-0.012311001308262348,0.564318060874939,0.46042972803115845,-0.022348372265696526,0.5478172302246094,0.43223923444747925,-0.031075477600097656,0.5344876646995544,0.40420767664909363,-0.03791350871324539,0.6093837022781372,0.47285860776901245,-0.012773852795362473,0.5878220796585083,0.4112928509712219,-0.021085243672132492,0.5733760595321655,0.3709823191165924,-0.029748460277915,0.5605279207229614,0.3349037170410156,-0.03658077120780945,0.6302054524421692,0.4594878554344177,-0.015713680535554886,0.6182646155357361,0.39704522490501404,-0.026664771139621735,0.6094247698783875,0.3555538058280945,-0.03521612659096718,0.5997047424316406,0.31893789768218994,-0.041269101202487946,0.6527015566825867,0.4594707787036896,-0.020119694992899895,0.6526510715484619,0.4062460660934448,-0.030878979712724686,0.6527520418167114,0.3701978921890259,-0.03591866418719292,0.6511264443397522,0.33701372146606445,-0.039247460663318634,0
0.6706408858299255,0.6071153283119202,2.639102376633673e-07,0.6361287236213684,0.6167119741439819,-0.016991302371025085,0.600620448589325,0.6000880002975464,-0.025169234722852707,0.5714201331138611,0.5838667750358582,-0.03184226155281067,0.5453853607177734,0.5753896832466125,-0.03816999867558479,0.5921450853347778,0.5043778419494629,-0.011754080653190613,0.5643135905265808,0.46071484684944153,-0.02161935158073902,0.5478285551071167,0.4326273202896118,-0.030299387872219086,0.5344655513763428,0.4046102464199066,-0.03713368624448776,0.6094085574150085,0.47303006052970886,-0.012319066561758518,0.587622880935669,0.41188082098960876,-0.020534219220280647,0.5730237364768982,0.3716583847999573,-0.029266657307744026,0.5600579380989075,0.3354644179344177,-0.036156151443719864,0.630223274230957,0.45967674255371094,-0.015338663011789322,0.6181273460388184,0.39767885208129883,-0.0262351855635643,0.6092958450317383,0.35598158836364746,-0.03488275036215782,0.5996862649917603,0.31914377212524414,-0.041010431945323944,0.6527235507965088,0.4594894349575043,-0.019796691834926605,0.6527204513549805,0.40657269954681396,-0.030540648847818375,0.6529062390327454,0.37062424421310425,-0.03559792786836624,0.6514300107955933,0.33743375539779663,-0.03893968462944031,0
0.6705247163772583,0.6063196659088135,2.6362471317042946e-07,0.6361374855041504,0.6162622570991516,-0.01698821224272251,0.6002944111824036,0.5999654531478882,-0.025067729875445366,0.5710494518280029,0.5836485624313354,-0.03159777447581291,0.5450909733772278,0.5738945007324219,-0.03771928325295448,0.5917859077453613,0.5038323998451233,-0.011586676351726055,0.5639808177947998,0.46024802327156067,-0.021252600476145744,0.547519326210022,0.4321865439414978,-0.029775170609354973,0.5341848731040955,0.40428590774536133,-0.03651111572980881,0.6089608669281006,0.4723840355873108,-0.012114294804632664,0.587104082107544,0.4112204611301422,-0.020112639293074608,0.5725886225700378,0.3710308372974396,-0.028650430962443352,0.5598348379135132,0.3349800705909729,-0.035400498658418655,0.6297546029090881,0.45895060896873474,-0.015105806291103363,0.6176479458808899,0.3968313932418823,-0.02584264613687992,0.608950674533844,0.3554893434047699,-0.0342724435031414,0.5995043516159058,0.3189144730567932,-0.04025578126311302,0.6522862315177917,0.4588300287723541,-0.019545327872037888,0.6522773504257202,0.4061289131641388,-0.030214877799153328,0.6524525880813599,0.3702697157859802,-0.03515296429395676,0.6509541869163513,0.3370172679424286,-0.038391757756471634,0
0.6699156165122986,0.6069545745849609,2.6065382030537876e-07,0.6356072425842285,0.6163800954818726,-0.016776762902736664,0.6001816391944885,0.5999143123626709,-0.02477804757654667,0.5711252689361572,0.5837392210960388,-0.031279344111680984,0.5455126762390137,0.5740764141082764,-0.037386275827884674,0.5916338562965393,0.5035960078239441,-0.011400161311030388,0.5637649297714233,0.4603196084499359,-0.021198967471718788,0.5473114252090454,0.43228477239608765,-0.029857071116566658,0.5341439843177795,0.4041988253593445,-0.036617763340473175,0.608913004398346,0.47208040952682495,-0.011934037320315838,0.5871883034706116,0.4111239016056061,-0.019933432340621948,0.5726199150085449,0.3709164559841156,-0.028467971831560135,0.5597788691520691,0.33482563495635986,-0.03519073501229286,0.6297297477722168,0.45858848094940186,-0.01493134256452322,0.6177992224693298,0.3968166708946228,-0.02554079331457615,0.609011709690094,0.35555529594421387,-0.03394896909594536,0.5994993448257446,0.319200336933136,-0.03988488391041756,0.6522067785263062,0.45852041244506836,-0.019375737756490707,0.6522873640060425,0.4057042598724365,-0.029814712703227997,0.6524441838264465,0.36993032693862915,-0.03467250242829323,0.65099036693573,0.3368853032588959,-0.03783779591321945,0
0.6710021495819092,0.607062041759491,2.6096773808603757e-07,0.6365492939949036,0.6169295310974121,-0.01696683093905449,0.6008075475692749,0.6004687547683716,-0.0248988326638937,0.5719097256660461,0.584611713886261,-0.03127032145857811,0.546464204788208,0.5746697187423706,-0.03723156824707985,0.5920038819313049,0.5044558048248291,-0.011676394380629063,0.5642514228820801,0.4611888527870178,-0.021437348797917366,0.5477207899093628,0.43308043479919434,-0.030029218643903732,0.5344220995903015,0.40515708923339844,-0.03674951568245888,0.6092658042907715,0.472709983587265,-0.012112895026803017,0.5876280665397644,0.4117085933685303,-0.020041758194565773,0.5731585025787354,0.3715674579143524,-0.028457926586270332,0.5604044198989868,0.3354875147342682,-0.03509204089641571,0.6301909685134888,0.4591132402420044,-0.015018141828477383,0.6181479692459106,0.3969272971153259,-0.025610599666833878,0.6094846725463867,0.355490505695343,-0.033932965248823166,0.6000862121582031,0.31888431310653687,-0.03980455920100212,0.6528383493423462,0.45904842019081116,-0.01939004845917225,0.6528515219688416,0.4059384763240814,-0.029954824596643448,0.6530777215957642,0.36999502778053284,-0.034819938242435455,0.6516979336738586,0.33679986000061035,-0.03794841840863228,0
0.6711946725845337,0.6076399087905884,2.6679441589294584e-07,0.6367531418800354,0.6177740693092346,-0.017297768965363503,0.6012275218963623,0.6016913056373596,-0.025586511939764023,0.5720251798629761,0.5854020714759827,-0.03229421004652977,0.5460315346717834,0.5759977102279663,-0.03858894109725952,0.5920906662940979,0.5052414536476135,-0.01176474615931511,0.564404308795929,0.4616656005382538,-0.02161215804517269,0.5479271411895752,0.43355271220207214,-0.03037637285888195,0.5346415638923645,0.40541285276412964,-0.037291817367076874,0.6092202663421631,0.47364723682403564,-0.012126664631068707,0.5874658226966858,0.4126494526863098,-0.020201342180371284,0.5729840993881226,0.3724002242088318,-0.028889181092381477,0.5602298974990845,0.33606889843940735,-0.03579733148217201,0.6300166845321655,0.46013954281806946,-0.014985166490077972,0.6181676983833313,0.3977259397506714,-0.025704197585582733,0.6094529032707214,0.35618144273757935,-0.034224752336740494,0.5999872088432312,0.3194924592971802,-0.04032516106963158,0.6526082754135132,0.46003082394599915,-0.019337914884090424,0.6529174447059631,0.4070606827735901,-0.03003358468413353,0.6530565619468689,0.37107354402542114,-0.03508211672306061,0.6515588164329529,0.3376920223236084,-0.0384184904396534,0
0.6702495217323303,0.6074036955833435,2.6526547003413725e-07,0.6359230279922485,0.617271900177002,-0.016993483528494835,0.6005121469497681,0.6006450653076172,-0.025127610191702843,0.571515679359436,0.5842831134796143,-0.03173796087503433,0.545593798160553,0.5754073858261108,-0.037963028997182846,0.5918018817901611,0.5049479603767395,-0.011661181226372719,0.5639184713363647,0.46165505051612854,-0.02143523469567299,0.5474427938461304,0.4336257576942444,-0.030087124556303024,0.5342274904251099,0.40565964579582214,-0.03689975291490555,0.6089671850204468,0.4734094738960266,-0.012169746682047844,0.5872700214385986,0.41230928897857666,-0.020210959017276764,0.5728151202201843,0.37203484773635864,-0.028878578916192055,0.560056746006012,0.3359276354312897,-0.03574718162417412,0.6297255754470825,0.4599180221557617,-0.015127209015190601,0.6177740097045898,0.3974930942058563,-0.02586354874074459,0.6092872023582458,0.3562275469303131,-0.03433363512158394,0.5999960899353027,0.31990373134613037,-0.04035193473100662,0.652262270450592,0.4597671627998352,-0.019543273374438286,0.6524368524551392,0.40671247243881226,-0.030236637219786644,0.6526457071304321,0.370724618434906,-0.03522465378046036,0.6511783599853516,0.3375483751296997,-0.03849363327026367,0
0.6708194017410278,0.6076427102088928,2.647189489835e-07,0.6363885998725891,0.6174954771995544,-0.017349252477288246,0.6008601784706116,0.6013723611831665,-0.025672540068626404,0.5717357993125916,0.585025429725647,-0.032393746078014374,0.5457597970962524,0.5748423337936401,-0.038695186376571655,0.5919272303581238,0.5050942301750183,-0.012078062631189823,0.5639806389808655,0.46152064204216003,-0.022171203047037125,0.5474127531051636,0.4333862066268921,-0.03101511299610138,0.5340619087219238,0.40520602464675903,-0.037908151745796204,0.609151303768158,0.4736364185810089,-0.012437599711120129,0.587347686290741,0.4125356674194336,-0.020686162635684013,0.5728982090950012,0.3722739517688751,-0.0293900016695261,0.5600429773330688,0.33584892749786377,-0.03624601662158966,0.6299524307250977,0.4602425992488861,-0.015296770259737968,0.6179298758506775,0.3980032801628113,-0.026142243295907974,0.609362781047821,0.35631072521209717,-0.03461505472660065,0.5999913811683655,0.31956547498703003,-0.04059017822146416,0.6524655818939209,0.46007227897644043,-0.019648782908916473,0.6522464752197266,0.40715381503105164,-0.030312595888972282,0.652386486530304,0.37135186791419983,-0.03523784130811691,0.6509381532669067,0.338350772857666,-0.03843585029244423,0
0.6706700921058655,0.6089447736740112,2.610646845369047e-07,0.6363263726234436,0.6180468797683716,-0.016555894166231155,0.6009723544120789,0.6013515591621399,-0.02448718063533306,0.5721830129623413,0.5855797529220581,-0.030980709940195084,0.546812117099762,0.5763865113258362,-0.037112098187208176,0.5920450091362,0.5056408047676086,-0.011288086883723736,0.5643543004989624,0.4623126983642578,-0.0211359690874815,0.5478572845458984,0.43416422605514526,-0.029815826565027237,0.534713864326477,0.4062155485153198,-0.036583103239536285,0.609376072883606,0.4741416871547699,-0.01193261332809925,0.5878422856330872,0.4132956564426422,-0.02003919892013073,0.5733319520950317,0.373155415058136,-0.0286346897482872,0.5605720281600952,0.33711692690849304,-0.03537775203585625,0.6302515268325806,0.46052584052085876,-0.015009662136435509,0.6181703805923462,0.39812660217285156,-0.0257404875010252,0.6095726490020752,0.356685996055603,-0.03415093570947647,0.600368082523346,0.3202834129333496,-0.04006773233413696,0.6528153419494629,0.4604123830795288,-0.019510863348841667,0.653061032295227,0.4074227511882782,-0.030144188553094864,0.6533386707305908,0.37138184905052185,-0.03508505970239639,0.652084469795227,0.3381763696670532,-0.03826159983873367,0
0.6718136668205261,0.607856273651123,2.6404012487546424e-07,0.6372696757316589,0.6176134347915649,-0.01696387678384781,0.6016994118690491,0.6017946600914001,-0.02504887804389,0.5727296471595764,0.5859423279762268,-0.03158782050013542,0.5470912456512451,0.576206624507904,-0.037735261023044586,0.5929344892501831,0.5052714943885803,-0.011713821440935135,0.5651593208312988,0.4618009626865387,-0.02155606634914875,0.5487526059150696,0.4336013197898865,-0.03025253862142563,0.5355953574180603,0.40560781955718994,-0.03705260157585144,0.6101428866386414,0.4738054573535919,-0.012161597609519958,0.5886117219924927,0.4126381278038025,-0.02022106945514679,0.574122428894043,0.37241244316101074,-0.028837818652391434,0.5612888336181641,0.33637478947639465,-0.03564949706196785,0.6309126615524292,0.4603859782218933,-0.015078157186508179,0.6190539002418518,0.39781659841537476,-0.025831060484051704,0.6103995442390442,0.3564578890800476,-0.034379057586193085,0.6009752154350281,0.3201662600040436,-0.040425438433885574,0.6534259915351868,0.4604567289352417,-0.019437970593571663,0.6536247134208679,0.40726590156555176,-0.030156783759593964,0.6538103818893433,0.37141263484954834,-0.03521130606532097,0.6523571014404297,0.3382929563522339,-0.038495585322380066,0
0.6710636615753174,0.608452558517456,2.6524975282882224e-07,0.6367349624633789,0.618266224861145,-0.01734771765768528,0.601475179195404,0.602039635181427,-0.025517018511891365,0.5726447701454163,0.5860177874565125,-0.03208955004811287,0.547120213508606,0.5765746831893921,-0.038258448243141174,0.5926986336708069,0.5058654546737671,-0.011826776899397373,0.5648981332778931,0.462358295917511,-0.021724166348576546,0.548395037651062,0.4342871904373169,-0.030488960444927216,0.535097062587738,0.4062645137310028,-0.037343304604291916,0.6098327040672302,0.47440850734710693,-0.012087732553482056,0.588136613368988,0.4135604500770569,-0.0201660618185997,0.5735551714897156,0.3734624981880188,-0.02878466248512268,0.5606863498687744,0.3374205231666565,-0.03560325503349304,0.6305336356163025,0.46091780066490173,-0.014868463389575481,0.6185611486434937,0.3985596299171448,-0.02553350292146206,0.6099055409431458,0.3572917580604553,-0.03396272659301758,0.6005582213401794,0.3209947645664215,-0.03994172438979149,0.6528979539871216,0.4607272148132324,-0.01916176825761795,0.6528396606445312,0.40787166357040405,-0.02970677986741066,0.6528470516204834,0.3720734715461731,-0.034646812826395035,0.651303231716156,0.3389441668987274,-0.03789291903376579,0
